date,AUD/CAD,BRL/CAD,CHF/CAD,CNY/CAD,EUR/CAD,GBP/CAD,HKD/CAD,IDR/CAD,INR/CAD,JPY/CAD,KRW/CAD,MXN/CAD,MYR/CAD,NOK/CAD,NZD/CAD,PEN/CAD,RUB/CAD,SEK/CAD,SGD/CAD,THB/CAD,TRY/CAD,TWD/CAD,USD/CAD,VND/CAD,ZAR/CAD
1999-01,0.9607,1.0364,1.0966,0.1835,1.7615,2.506975,0.1961,0.000179,0.03575,0.013408,0.001294,0.15005,0.3999,0.2038,0.8188,0.4676,0.06608,0.1944,0.9048,0.04154,,0.04712,1.51891,,0.2534
1999-02,0.9589,0.7822,1.0495,0.1809,1.6778,2.43718,0.19323,0.000171,0.03525,0.012852,0.001262,0.14978,0.3942,0.194,0.8144,0.441,0.0648,0.1884,0.8809,0.04039,,0.04607,1.497045,,0.245
1999-03,0.9575,0.8022,1.0356,0.1833,1.6521,2.46118261,0.195813,0.00017,0.03576,0.012705,0.001236,0.15601,0.3995,0.1943,0.8077,0.4489,0.06326,0.1848,0.8776,0.04048,,0.04581,1.51757391,,0.2444
1999-04,0.9564,0.8764,0.9932,0.1797,1.5913,2.39376667,0.191924,0.000173,0.03481,0.012424,0.001235,0.15783,0.3915,0.1913,0.8082,0.4446,0.05862,0.1786,0.8687,0.03955,,0.0453,1.48666667,,0.2432
1999-05,0.9686,0.8683,0.9692,0.1766,1.5531,2.362105,0.18857,0.000184,0.03417,0.011997,0.001222,0.15547,0.3848,0.1886,0.808,0.439,0.05916,0.1731,0.854,0.03952,,0.04464,1.46213,,0.2364
1999-06,0.9643,0.8322,0.9557,0.1775,1.5245,2.34344545,0.189364,0.0002,0.03409,0.01217,0.001258,0.15449,0.3867,0.1866,0.7834,0.4402,0.0601,0.1728,0.8587,0.03981,,0.04525,1.46918182,,0.2414
1999-07,0.9769,0.8266,0.9627,0.1799,1.5443,2.34548095,0.191862,0.00022,0.03439,0.012479,0.001253,0.15899,0.3919,0.1885,0.7835,0.4481,0.06113,0.1765,0.878,0.04012,,0.0461,1.48867619,,0.2435
1999-08,0.962,0.7908,0.9885,0.1803,1.5826,2.39634762,0.192214,0.000201,0.03434,0.013192,0.001246,0.15885,0.3928,0.1913,0.7858,0.4438,0.06016,0.1807,0.8891,0.03921,,0.04666,1.4918,,0.2436
1999-09,0.9593,0.7783,0.9678,0.1784,1.5505,2.39953333,0.190181,0.000179,0.03393,0.013824,0.001231,0.15814,0.3887,0.1886,0.7727,0.4319,0.05785,0.1796,0.8705,0.03692,,0.04652,1.47679524,,0.2438
1999-10,0.9619,0.7504,0.9921,0.1785,1.5817,2.448545,0.190146,0.000198,0.03399,0.013945,0.001226,0.15434,0.3888,0.1909,0.76,0.4255,0.0572,0.1813,0.8819,0.03753,,0.04657,1.477075,,0.2422
1999-11,0.9374,0.7605,0.9438,0.1773,1.5149,2.37818095,0.188833,0.00021,0.03382,0.014027,0.001248,0.15596,0.3862,0.1849,0.7521,0.4214,0.05565,0.1756,0.8788,0.03789,,0.04628,1.46740476,,0.239
1999-12,0.9438,0.7987,0.9305,0.178,1.4899,2.37652381,0.189544,0.000206,0.0339,0.014356,0.001297,0.1564,0.3878,0.1839,0.7484,0.4232,0.05472,0.1735,0.8797,0.03852,,0.04668,1.47295238,,0.2397
2000-01,0.9513,0.8032,0.9111,0.175,1.4676,2.377495,0.186235,0.000199,0.03328,0.013743,0.001282,0.15264,0.3814,0.1806,0.7426,0.4141,0.05113,0.1707,0.8647,0.03877,,0.04712,1.44817,,0.2366
2000-02,0.9111,0.8172,0.888,0.1753,1.4273,2.32209524,0.18648,0.000195,0.03328,0.013258,0.001285,0.15399,0.3819,0.1761,0.712,0.4199,0.05047,0.1678,0.8523,0.03843,,0.04728,1.4503,,0.2297
2000-03,0.8904,0.8388,0.8781,0.1764,1.4088,2.30800435,0.187626,0.000195,0.03351,0.013742,0.001309,0.15727,0.3844,0.1737,0.7163,0.4245,0.05127,0.168,0.8517,0.03853,,0.04763,1.46028261,,0.2259
2000-04,0.8758,0.8305,0.8822,0.1774,1.3881,2.32433158,0.188556,0.000188,0.03365,0.013908,0.001323,0.15637,0.3865,0.1704,0.7289,0.4221,0.05134,0.168,0.8589,0.03867,,0.04821,1.46804211,,0.2212
2000-05,0.865,0.819,0.8709,0.1807,1.3567,2.25675,0.191958,0.00018,0.03398,0.01381,0.001336,0.15738,0.3936,0.1653,0.7082,0.427,0.05278,0.1646,0.8653,0.03841,,0.04868,1.49486364,,0.2129
2000-06,0.8789,0.8164,0.8996,0.1784,1.4039,2.22926818,0.189503,0.000172,0.03305,0.01392,0.001322,0.15021,0.3886,0.1702,0.6952,0.4236,0.05227,0.1689,0.8549,0.0378,,0.04802,1.47665,,0.2137
2000-07,0.8676,0.8223,0.8948,0.1785,1.3871,2.22837,0.18955,0.000161,0.03301,0.013657,0.001326,0.15699,0.3889,0.1696,0.6799,0.4247,0.05312,0.1649,0.8488,0.03668,,0.0478,1.47797,,0.2144
2000-08,0.8609,0.8195,0.8643,0.1791,1.3406,2.20655455,0.190073,0.000176,0.03245,0.013725,0.001331,0.15996,0.3901,0.1656,0.6599,0.4264,0.05343,0.1598,0.8618,0.03629,,0.04775,1.48185909,,0.2132
2000-09,0.8206,0.8082,0.8453,0.1795,1.2925,2.13059,0.190577,0.000172,0.0324,0.013912,0.001331,0.15879,0.3911,0.161,0.6205,0.4263,0.05342,0.1535,0.854,0.03541,,0.0477,1.485185,,0.2071
2000-10,0.7986,0.8043,0.8525,0.1827,1.2894,2.19419524,0.193946,0.000169,0.03262,0.013947,0.001339,0.15861,0.398,0.1612,0.6059,0.432,0.05424,0.1513,0.8631,0.03491,,0.0476,1.5119619,,0.2021
2000-11,0.805,0.7922,0.8665,0.1863,1.3173,2.19622857,0.197748,0.000165,0.03298,0.014135,0.001333,0.16238,0.4058,0.1648,0.6162,0.4371,0.05538,0.1526,0.8823,0.03523,,0.04757,1.54290476,,0.2005
2000-12,0.8313,0.7758,0.9021,0.1839,1.3653,2.22601053,0.195212,0.000161,0.03257,0.013579,0.001255,0.16092,0.4006,0.1678,0.6535,0.4325,0.05429,0.1575,0.8769,0.03519,,0.04604,1.52336842,,0.1991
2001-01,0.8345,0.7688,0.9222,0.1816,1.4099,2.22134545,0.192721,0.000159,0.0323,0.012875,0.001181,0.15382,0.3956,0.1712,0.668,0.4266,0.05292,0.1584,0.8651,0.03485,,0.04606,1.50286364,,0.1933
2001-02,0.8121,0.7591,0.9121,0.1839,1.4008,2.21008,0.195111,0.000158,0.03272,0.013096,0.001216,0.15673,0.4005,0.1707,0.6615,0.4313,0.05313,0.156,0.8731,0.03569,,0.04714,1.523125,,0.1947
2001-03,0.7843,0.7444,0.9219,0.1883,1.4154,2.25107273,0.199813,0.000153,0.03344,0.012829,0.001208,0.1624,0.4103,0.1735,0.6526,0.4427,0.05429,0.1551,0.8791,0.03545,,0.04785,1.55844091,,0.1974
2001-04,0.7811,0.7102,0.9094,0.1882,1.3906,2.23536,0.199699,0.00014,0.03332,0.012588,0.001174,0.16698,0.4099,0.1714,0.6344,0.4376,0.05391,0.1527,0.8597,0.03425,,0.04735,1.558495,,0.1928
2001-05,0.801,0.6729,0.879,0.1862,1.3482,2.19795,0.19763,0.000137,0.03286,0.01267,0.001188,0.16844,0.4056,0.1686,0.6506,0.4281,0.05308,0.1488,0.8498,0.03387,,0.0465,1.54112273,,0.1933
2001-06,0.79,0.6412,0.8539,0.1842,1.3004,2.13772381,0.195447,0.000135,0.03243,0.012462,0.001178,0.16776,0.4012,0.1639,0.6315,0.432,0.0523,0.1413,0.8391,0.03369,,0.04447,1.52429524,,0.1892
2001-07,0.7794,0.6184,0.8715,0.1849,1.3186,2.1648381,0.196206,0.000142,0.03247,0.012293,0.001176,0.16691,0.4027,0.1654,0.6255,0.437,0.05231,0.1423,0.8395,0.03354,,0.04402,1.53025238,,0.1864
2001-08,0.8087,0.613,0.9175,0.1861,1.39,2.21534091,0.197466,0.000172,0.03269,0.012706,0.001203,0.16868,0.4053,0.1724,0.6659,0.4412,0.05244,0.1492,0.8752,0.03433,,0.04451,1.53961364,,0.1853
2001-09,0.791,0.5866,0.9601,0.1894,1.4295,2.29567368,0.200993,0.000168,0.0329,0.013216,0.001213,0.16627,0.4125,0.1789,0.6559,0.4491,0.05322,0.1475,0.8963,0.03536,,0.04536,1.56754211,,0.1808
2001-10,0.7925,0.5741,0.9609,0.1898,1.4222,2.27892273,0.201442,0.000156,0.03273,0.012938,0.00121,0.16831,0.4135,0.1779,0.6512,0.4541,0.05313,0.1487,0.8676,0.03513,,0.04549,1.57118182,,0.1694
2001-11,0.8229,0.6255,0.9645,0.1924,1.4138,2.28453333,0.204172,0.000151,0.03318,0.013004,0.001247,0.17272,0.4191,0.1783,0.6623,0.4631,0.05338,0.1501,0.8702,0.03587,,0.04623,1.59295238,,0.1635
2001-12,0.8112,0.6674,0.9534,0.1906,1.407,2.27322632,0.202272,0.000154,0.03295,0.012383,0.001227,0.17225,0.4151,0.176,0.6563,0.4592,0.05224,0.1494,0.8586,0.03591,,0.04558,1.57762105,,0.1361
2002-01,0.8275,0.673,0.9583,0.1934,1.4136,2.29254091,0.205194,0.000154,0.03314,0.012064,0.00122,0.17472,0.4211,0.1785,0.68,0.4624,0.05233,0.1531,0.8703,0.03636,,0.04575,1.59961818,,0.1381
2002-02,0.8189,0.6586,0.9404,0.1928,1.3895,2.271015,0.204612,0.000156,0.0328,0.011946,0.001214,0.17533,0.42,0.1784,0.669,0.459,0.05173,0.1513,0.8716,0.03641,,0.04557,1.596,,0.1389
2002-03,0.8336,0.6767,0.9482,0.1917,1.3917,2.25843,0.203478,0.00016,0.03258,0.012119,0.001204,0.17508,0.4176,0.1802,0.6877,0.4592,0.05102,0.1536,0.8679,0.03658,,0.04538,1.586695,,0.1383
2002-04,0.8465,0.6814,0.9561,0.1911,1.4012,2.28194545,0.202752,0.000167,0.03235,0.012094,0.001204,0.17263,0.4162,0.1837,0.7008,0.46,0.05068,0.1535,0.8649,0.03642,,0.04535,1.58125,,0.1429
2002-05,0.8524,0.6259,0.9752,0.1872,1.4208,2.26234545,0.198691,0.00017,0.03165,0.012268,0.001233,0.16285,0.4078,0.189,0.715,0.4492,0.04955,0.1541,0.8607,0.0362,,0.04504,1.54953182,,0.1527
2002-06,0.8704,0.5657,0.9951,0.1851,1.4646,2.27287,0.196374,0.000176,0.0313,0.012428,0.00126,0.15694,0.4031,0.1977,0.7491,0.4401,0.04871,0.1607,0.8591,0.03635,,0.04526,1.530985,,0.1507
2002-07,0.8558,0.5272,1.0504,0.1868,1.5352,2.40632273,0.198199,0.000172,0.03172,0.013114,0.001316,0.15813,0.4068,0.207,0.7436,0.4374,0.04901,0.1653,0.8824,0.03749,,0.04652,1.54638636,,0.1531
2002-08,0.8499,0.5051,1.0469,0.1894,1.5331,2.40783333,0.201019,0.000176,0.03229,0.013179,0.001314,0.15938,0.4126,0.2063,0.7278,0.4387,0.04964,0.1658,0.8934,0.03718,,0.04633,1.56743333,,0.1483
2002-09,0.8614,0.4727,1.0557,0.1904,1.5456,2.452795,0.202037,0.000176,0.03255,0.013019,0.001306,0.15651,0.4147,0.2101,0.7417,0.4352,0.04977,0.1688,0.8915,0.03676,,0.04565,1.57585,,0.1489
2002-10,0.8685,0.4163,1.0569,0.1906,1.5484,2.45760455,0.202301,0.000173,0.03264,0.012734,0.001276,0.15636,0.4152,0.2108,0.7607,0.4364,0.04974,0.17,0.8845,0.03617,,0.04521,1.57773636,,0.1533
2002-11,0.882,0.4377,1.0718,0.1899,1.5731,2.467955,0.201487,0.000173,0.03258,0.012921,0.001301,0.15422,0.4135,0.2148,0.7818,0.4388,0.04936,0.1733,0.8904,0.03626,,0.04537,1.57163,,0.1634
2002-12,0.8772,0.4302,1.083,0.1884,1.5883,2.472975,0.19995,0.000175,0.03241,0.012787,0.001293,0.15256,0.4103,0.2178,0.7964,0.4437,0.04894,0.1745,0.8893,0.03601,,0.04488,1.55913,,0.1744
2003-01,0.8988,0.4494,1.1198,0.1862,1.6373,2.49210909,0.197586,0.000173,0.03217,0.012974,0.001311,0.1452,0.4055,0.223,0.8329,0.4411,0.0484,0.1784,0.8878,0.03604,,0.04465,1.53948182,,0.1775
2003-02,0.9005,0.4209,1.1116,0.1827,1.6308,2.43148,0.193907,0.00017,0.0317,0.012669,0.001271,0.13834,0.398,0.2161,0.8379,0.4341,0.04776,0.1783,0.8665,0.03526,,0.04359,1.511985,,0.1828
2003-03,0.8879,0.4275,1.0846,0.1783,1.5937,2.33580476,0.189245,0.000165,0.03099,0.012438,0.001194,0.13541,0.3884,0.2029,0.818,0.4242,0.04694,0.1728,0.8413,0.03451,,0.04257,1.4751,,0.1836
2003-04,0.8895,0.4694,1.0585,0.1762,1.5841,2.2956619,0.186998,0.000166,0.03081,0.012164,0.001184,0.13775,0.3838,0.2026,0.8047,0.421,0.04675,0.173,0.8206,0.03398,,0.04194,1.45714286,,0.1907
2003-05,0.8959,0.4704,1.0564,0.1673,1.6009,2.24648571,0.177524,0.000164,0.02942,0.011796,0.001153,0.13515,0.3643,0.2034,0.797,0.3978,0.04478,0.175,0.7976,0.03281,,0.03994,1.38331905,,0.1812
2003-06,0.8997,0.4691,1.025,0.1634,1.5788,2.24594286,0.173399,0.000164,0.02899,0.011429,0.001133,0.12878,0.3559,0.193,0.7867,0.3888,0.04438,0.1732,0.7795,0.03246,,0.0391,1.35165714,,0.1721
2003-07,0.913,0.4797,1.0149,0.1669,1.5696,2.24122727,0.17714,0.000166,0.02993,0.011645,0.00117,0.13218,0.3636,0.1894,0.8108,0.398,0.04551,0.1707,0.7872,0.03307,,0.04023,1.38114545,,0.1832
2003-08,0.9101,0.4657,1.0098,0.1686,1.5558,2.22363,0.178949,0.000164,0.0304,0.011772,0.001185,0.12938,0.3673,0.1882,0.8133,0.4009,0.04596,0.1685,0.7964,0.03353,,0.04073,1.394645,,0.1892
2003-09,0.9045,0.467,0.9923,0.1647,1.5359,2.20221429,0.175119,0.000161,0.02976,0.011879,0.00117,0.12486,0.3587,0.1874,0.7964,0.3916,0.04455,0.1696,0.7807,0.03369,,0.04016,1.36302381,,0.1868
2003-10,0.9186,0.4622,0.9999,0.1597,1.5485,2.2198,0.170738,0.000157,0.02914,0.012073,0.001131,0.11826,0.3479,0.188,0.7961,0.38,0.04388,0.1718,0.7621,0.03326,,0.03908,1.32280455,,0.1901
2003-11,0.94,0.4506,0.9871,0.1586,1.5383,2.21972105,0.169068,0.000154,0.02883,0.012023,0.001106,0.11767,0.3454,0.1876,0.8258,0.3774,0.04405,0.1711,0.7597,0.03289,,0.03861,1.31238421,,0.1961
2003-12,0.9704,0.449,1.0382,0.1586,1.6138,2.29852381,0.16909,0.000155,0.02882,0.012183,0.001102,0.11671,0.3455,0.1957,0.8497,0.3782,0.04462,0.1789,0.7674,0.03304,,0.0386,1.31244286,,0.2014
2004-01,0.9992,0.4546,1.0449,0.1566,1.6362,2.36340476,0.16688,0.000154,0.02854,0.012191,0.001095,0.11874,0.3411,0.1901,0.8724,0.3737,0.04497,0.179,0.7638,0.03314,,0.03854,1.2967381,8.3e-05,0.1868
2004-02,1.0335,0.4534,1.0682,0.1606,1.6807,2.48288,0.170944,0.000158,0.02938,0.012465,0.001139,0.12053,0.3497,0.1912,0.9204,0.3816,0.04662,0.1831,0.7882,0.034,,0.04007,1.328935,8.4e-05,0.1972
2004-03,0.9961,0.4573,1.0399,0.1605,1.6289,2.42592174,0.170462,0.000155,0.02956,0.012247,0.00114,0.12065,0.3496,0.1909,0.8781,0.3833,0.04656,0.1764,0.7818,0.03368,,0.04,1.32805652,8.4e-05,0.2011
2004-04,0.998,0.4618,1.0347,0.1622,1.6087,2.41848571,0.172181,0.000156,0.0306,0.012465,0.001164,0.1191,0.3533,0.1938,0.8602,0.3869,0.04673,0.1755,0.7968,0.03403,,0.04077,1.34181429,8.5e-05,0.2041
2004-05,0.9716,0.4451,1.0752,0.1665,1.6554,2.464625,0.176775,0.000153,0.03053,0.012305,0.001172,0.11976,0.3627,0.2017,0.8497,0.3953,0.04754,0.1814,0.8054,0.03401,,0.04127,1.37784,8.8e-05,0.2033
2004-06,0.9419,0.434,1.0861,0.164,1.649,2.48192273,0.174114,0.000145,0.02986,0.012409,0.001172,0.1192,0.3573,0.1989,0.8535,0.3905,0.04676,0.1803,0.7925,0.03328,,0.04049,1.35797273,8.6e-05,0.2118
2004-07,0.9473,0.4357,1.0624,0.1597,1.6222,2.43824762,0.169485,0.000147,0.02873,0.01207,0.001141,0.11531,0.3479,0.1914,0.8555,0.3845,0.04546,0.1763,0.7722,0.03229,,0.03914,1.32187619,8.4e-05,0.2159
2004-08,0.9334,0.4376,1.0401,0.1585,1.6003,2.38751429,0.168188,0.000142,0.02833,0.011905,0.001134,0.11515,0.3452,0.1922,0.8618,0.3866,0.04488,0.1743,0.7654,0.03162,,0.0386,1.3119381,8.3e-05,0.2031
2004-09,0.9053,0.4457,1.02,0.1556,1.5744,2.31018095,0.165116,0.00014,0.02798,0.011698,0.001122,0.11212,0.3389,0.1883,0.8495,0.3837,0.04407,0.1733,0.76,0.03107,,0.03803,1.28754286,8.2e-05,0.1973
2004-10,0.9149,0.4374,1.0114,0.1507,1.5594,2.253825,0.160092,0.000137,0.02726,0.011464,0.001092,0.10936,0.3281,0.1895,0.8534,0.3755,0.04292,0.1722,0.7437,0.0302,,0.03693,1.2472,7.9e-05,0.1956
2004-11,0.9225,0.4292,1.0224,0.1445,1.5556,2.22675238,0.153824,0.000133,0.02654,0.011434,0.001102,0.1052,0.3148,0.191,0.839,0.3613,0.04188,0.1729,0.7247,0.0297,,0.03651,1.19566667,7.6e-05,0.1984
2004-12,0.9338,0.4484,1.0621,0.1473,1.6317,2.35015714,0.156772,0.000132,0.02777,0.011734,0.00116,0.1088,0.3208,0.1984,0.8702,0.3713,0.04367,0.1817,0.7426,0.03107,,0.03786,1.21758571,7.7e-05,0.2122
2005-01,0.938,0.4553,1.0373,0.1481,1.6052,2.300135,0.157173,0.000133,0.02807,0.011858,0.00118,0.10876,0.3225,0.1952,0.8643,0.3751,0.04381,0.1772,0.7482,0.03164,0.9044,0.03845,1.225575,7.8e-05,0.2045
2005-02,0.9688,0.4774,1.0407,0.1498,1.6133,2.339705,0.158938,0.000134,0.02842,0.011808,0.001211,0.11132,0.3262,0.1939,0.8873,0.3804,0.04433,0.1776,0.7567,0.03223,0.9433,0.03935,1.238255,7.9e-05,0.2065
2005-03,0.9548,0.4496,1.0354,0.1469,1.6045,2.31766818,0.155917,0.00013,0.02787,0.011558,0.001207,0.10905,0.32,0.1959,0.8882,0.3731,0.044,0.1765,0.7458,0.03151,0.928,0.03914,1.21572273,7.7e-05,0.2018
2005-04,0.9563,0.4797,1.034,0.1493,1.5997,2.34359524,0.15849,0.000129,0.02829,0.011531,0.001224,0.11122,0.3253,0.1957,0.891,0.3793,0.04447,0.1745,0.7486,0.03127,0.9078,0.03925,1.23649048,7.8e-05,0.2009
2005-05,0.9621,0.512,1.0312,0.1517,1.5934,2.32943333,0.161141,0.000133,0.02889,0.011777,0.001253,0.11441,0.3304,0.1973,0.9027,0.3857,0.04492,0.1733,0.7602,0.03152,0.9166,0.04016,1.25518095,7.9e-05,0.1983
2005-06,0.9507,0.5134,0.9794,0.1499,1.5076,2.2543,0.159496,0.000129,0.02847,0.011405,0.001225,0.11461,0.3264,0.191,0.8782,0.3812,0.04349,0.1627,0.7414,0.0303,0.9125,0.03956,1.24028636,7.8e-05,0.1838
2005-07,0.9197,0.5155,0.9441,0.1488,1.4714,2.13976,0.157257,0.000125,0.02813,0.010921,0.001179,0.11457,0.3229,0.1858,0.8296,0.376,0.0426,0.1561,0.7271,0.02931,0.9138,0.03834,1.223215,7.7e-05,0.1825
2005-08,0.9167,0.5099,0.9538,0.1486,1.4808,2.16160455,0.154935,0.00012,0.02762,0.01089,0.001179,0.11263,0.3202,0.187,0.8379,0.3695,0.04229,0.1586,0.7241,0.02927,0.8943,0.03752,1.20453182,7.6e-05,0.1864
2005-09,0.901,0.5131,0.9298,0.1458,1.4409,2.12747619,0.15171,0.000115,0.02684,0.01059,0.001143,0.10919,0.3124,0.1845,0.8228,0.356,0.04148,0.1543,0.7,0.02868,0.8776,0.03575,1.17741905,7.4e-05,0.1849
2005-10,0.8873,0.5223,0.9143,0.1459,1.4156,2.078405,0.151823,0.000117,0.02629,0.010251,0.001125,0.10867,0.3121,0.1808,0.8221,0.3483,0.04123,0.1501,0.6961,0.02878,0.8676,0.03516,1.177685,7.4e-05,0.1787
2005-11,0.8686,0.5337,0.9007,0.1462,1.3922,2.04819048,0.152318,0.000118,0.02586,0.009969,0.001134,0.1107,0.3126,0.1778,0.8147,0.3497,0.04104,0.1456,0.6954,0.02872,0.8692,0.03516,1.18094286,7.4e-05,0.1775
2005-12,0.8626,0.5101,0.8897,0.1438,1.3771,2.02767,0.149741,0.000118,0.02546,0.009797,0.001135,0.10931,0.3072,0.1727,0.8075,0.3391,0.0403,0.146,0.6934,0.02824,0.8584,0.03485,1.16126,7.3e-05,0.1828
2006-01,0.8686,0.5103,0.9059,0.1435,1.4032,2.04644762,0.149249,0.000122,0.02618,0.010025,0.001179,0.10975,0.3085,0.1745,0.7956,0.3413,0.04085,0.1508,0.7093,0.02927,0.8683,0.0361,1.15674762,7.3e-05,0.1905
2006-02,0.852,0.5327,0.8801,0.1427,1.3716,2.007905,0.148059,0.000124,0.02597,0.009746,0.001185,0.1096,0.3083,0.1701,0.7734,0.3493,0.04074,0.1468,0.7054,0.02918,0.8673,0.03554,1.148905,7.2e-05,0.1879
2006-03,0.8407,0.5374,0.8868,0.1441,1.3921,2.01853913,0.149162,0.000126,0.0261,0.009869,0.001187,0.10767,0.3125,0.1745,0.7338,0.3465,0.04154,0.1482,0.7139,0.02971,0.8662,0.03563,1.15721304,7.3e-05,0.1853
2006-04,0.8431,0.5373,0.8921,0.1427,1.4046,2.02292632,0.147443,0.000128,0.02551,0.009777,0.001201,0.10353,0.3124,0.1791,0.7113,0.3433,0.04152,0.1506,0.7146,0.03012,0.857,0.0354,1.1434,7.2e-05,0.1881
2006-05,0.8478,0.5126,0.9094,0.1384,1.4159,2.07171818,0.143078,0.000123,0.02453,0.009927,0.001179,0.1001,0.3073,0.1817,0.7007,0.3382,0.04102,0.1518,0.7041,0.02923,0.7769,0.03494,1.10930455,6.9e-05,0.176
2006-06,0.824,0.495,0.904,0.1391,1.4101,2.05308636,0.143465,0.000119,0.02426,0.009717,0.001167,0.09775,0.3039,0.1794,0.6891,0.3413,0.04125,0.1527,0.6998,0.02903,0.6954,0.0343,1.11396364,7e-05,0.1598
2006-07,0.8501,0.5156,0.9124,0.1413,1.4318,2.082885,0.145262,0.000124,0.02435,0.009756,0.001187,0.10286,0.3078,0.1803,0.6975,0.3483,0.04196,0.1554,0.7131,0.02973,0.7291,0.0346,1.129645,7.1e-05,0.1597
2006-08,0.8532,0.5189,0.9075,0.1402,1.4321,2.11699545,0.1438,0.000123,0.02407,0.009642,0.001163,0.10284,0.3043,0.179,0.7102,0.3458,0.04179,0.1555,0.7096,0.02974,0.7617,0.03411,1.11897727,7e-05,0.1608
2006-09,0.8424,0.5146,0.8961,0.1407,1.4199,2.10256,0.143414,0.000122,0.02427,0.009522,0.001172,0.10157,0.304,0.1716,0.7311,0.3437,0.04171,0.1532,0.7062,0.02981,0.7525,0.03392,1.11658,7e-05,0.1499
2006-10,0.8514,0.5257,0.8956,0.1428,1.4239,2.11761429,0.144966,0.000123,0.02488,0.009515,0.001184,0.10369,0.3069,0.1694,0.7471,0.3486,0.04201,0.1538,0.7153,0.03026,0.7653,0.034,1.1283619,7e-05,0.1479
2006-11,0.8786,0.5268,0.9204,0.1445,1.465,2.17366667,0.146007,0.000124,0.0254,0.009692,0.001215,0.10409,0.3119,0.1776,0.7609,0.3526,0.04273,0.161,0.7304,0.03111,0.7795,0.03463,1.13639048,7.1e-05,0.1568
2006-12,0.9061,0.5366,0.9534,0.1474,1.523,2.26347368,0.148328,0.000127,0.02591,0.009835,0.001246,0.10624,0.3248,0.1865,0.7989,0.3597,0.04385,0.1686,0.7486,0.03226,0.806,0.03545,1.15281053,7.2e-05,0.1639
2007-01,0.9202,0.5499,0.9458,0.151,1.5275,2.30349091,0.150756,0.00013,0.0266,0.009763,0.001255,0.10733,0.3353,0.1846,0.8168,0.3684,0.04438,0.1682,0.7647,0.03332,0.8244,0.0359,1.17565,7.3e-05,0.1635
2007-02,0.9167,0.5587,0.9448,0.151,1.5315,2.29266,0.149858,0.000129,0.0266,0.009718,0.001249,0.10648,0.3349,0.1893,0.8121,0.367,0.0445,0.1667,0.7635,0.03446,0.8378,0.03551,1.17075,7.3e-05,0.1631
2007-03,0.9264,0.5591,0.9592,0.151,1.5473,2.27482727,0.149516,0.000127,0.02668,0.009963,0.001239,0.10509,0.3347,0.1902,0.817,0.3668,0.04476,0.1664,0.7664,0.03564,0.8294,0.03538,1.16873182,7.3e-05,0.1589
2007-04,0.9388,0.5585,0.9359,0.1469,1.5333,2.2557,0.145126,0.000125,0.02701,0.009538,0.001219,0.10329,0.33,0.1888,0.8336,0.3569,0.04392,0.166,0.7486,0.03488,0.8343,0.03422,1.134255,7.1e-05,0.1597
2007-05,0.9037,0.5518,0.8967,0.1426,1.4801,2.17311364,0.140033,0.000124,0.02699,0.009066,0.001181,0.10116,0.3217,0.1818,0.8028,0.3456,0.0424,0.1608,0.7189,0.03322,0.8204,0.03291,1.09527727,6.8e-05,0.156
2007-06,0.8972,0.5511,0.8639,0.1396,1.4295,2.11610952,0.136306,0.000119,0.02625,0.008682,0.001148,0.09832,0.3091,0.1776,0.8063,0.336,0.04111,0.1533,0.6929,0.03287,0.8074,0.03231,1.06555238,6.6e-05,0.1489
2007-07,0.9111,0.5583,0.8701,0.1387,1.4417,2.13772381,0.134318,0.000116,0.02607,0.008651,0.001144,0.09713,0.3053,0.1816,0.8255,0.3323,0.04115,0.1569,0.6929,0.03452,0.8209,0.03201,1.05108571,6.5e-05,0.1506
2007-08,0.8758,0.5388,0.8793,0.1397,1.441,2.12703636,0.135407,0.000113,0.02599,0.009072,0.001132,0.09579,0.3037,0.1808,0.7662,0.3351,0.04128,0.1545,0.6948,0.03317,0.8042,0.03209,1.05887727,6.5e-05,0.1465
2007-09,0.8687,0.5398,0.8659,0.1363,1.4273,2.06962632,0.131758,0.00011,0.02555,0.008916,0.001104,0.09293,0.2954,0.1825,0.7373,0.3271,0.04054,0.1539,0.6787,0.03194,0.8153,0.03105,1.02465263,6.3e-05,0.1444
2007-10,0.8771,0.5419,0.8306,0.13,1.3882,1.99409091,0.125759,0.000107,0.02475,0.00842,0.001066,0.09012,0.2891,0.1804,0.7412,0.3227,0.0392,0.1513,0.6657,0.03088,0.8117,0.02995,0.97474091,6.1e-05,0.1443
2007-11,0.866,0.5472,0.8614,0.1303,1.4202,2.00167143,0.12434,0.000104,0.02458,0.008714,0.001053,0.08887,0.2881,0.1785,0.7377,0.3222,0.03954,0.1529,0.6685,0.0308,0.8128,0.02991,0.968,6e-05,0.1442
2007-12,0.8744,0.5615,0.8803,0.1361,1.4607,2.02421579,0.12864,0.000107,0.02548,0.008929,0.001078,0.09247,0.3009,0.1824,0.7712,0.3365,0.04082,0.1549,0.6924,0.03308,0.8503,0.03096,1.00312105,6.3e-05,0.1468
2008-01,0.8911,0.5697,0.9185,0.1396,1.4877,1.99073636,0.129548,0.000108,0.02575,0.009387,0.001073,0.09268,0.3095,0.187,0.7811,0.343,0.04131,0.1578,0.7066,0.03323,0.8602,0.03126,1.01122727,6.3e-05,0.1443
2008-02,0.9122,0.5777,0.9168,0.1394,1.4738,1.96193333,0.12814,0.000109,0.02518,0.009329,0.001058,0.09279,0.3099,0.1855,0.7959,0.3439,0.04078,0.1574,0.7082,0.032,0.8355,0.03159,0.9999381,6.3e-05,0.1305
2008-03,0.9248,0.5864,0.9897,0.1417,1.5556,2.00627,0.128766,0.000109,0.02493,0.009942,0.001022,0.09335,0.3145,0.1947,0.8022,0.3568,0.04224,0.1653,0.7239,0.03187,0.8041,0.03277,1.002475,6.3e-05,0.1254
2008-04,0.9437,0.6008,1.0001,0.1449,1.5972,2.00890455,0.13013,0.00011,0.02536,0.009875,0.001027,0.09642,0.3206,0.2005,0.8005,0.3692,0.0431,0.1704,0.7431,0.0321,0.7804,0.0334,1.01310455,6.3e-05,0.1306
2008-05,0.9488,0.6022,0.9577,0.1433,1.5555,1.96531429,0.128138,0.000108,0.02379,0.009581,0.000965,0.09573,0.3109,0.1976,0.7778,0.3567,0.04215,0.1669,0.7318,0.03118,0.8011,0.03268,1.00015714,6.2e-05,0.1311
2008-06,0.9669,0.6282,0.9803,0.1474,1.5821,1.99923333,0.130223,0.00011,0.02378,0.00951,0.000985,0.09845,0.3121,0.1979,0.7741,0.3517,0.04301,0.1687,0.7432,0.03062,0.8232,0.03347,1.01680476,6.2e-05,0.1281
2008-07,0.9745,0.6368,0.9846,0.1481,1.5955,2.01354545,0.129827,0.000111,0.02369,0.009474,0.000998,0.09923,0.3116,0.1982,0.7641,0.3567,0.04336,0.1687,0.745,0.03023,0.8373,0.03331,1.01311818,6e-05,0.1332
2008-08,0.9267,0.6527,0.9711,0.1539,1.5734,1.98491,0.135039,0.000115,0.02455,0.009636,0.001006,0.1041,0.3165,0.1973,0.7464,0.3638,0.04344,0.1675,0.7493,0.03113,0.8923,0.03374,1.054655,6.4e-05,0.1372
2008-09,0.8641,0.5877,0.9533,0.1548,1.517,1.90148095,0.135925,0.000113,0.02325,0.00993,0.000933,0.09926,0.3072,0.1858,0.7127,0.3568,0.04177,0.1584,0.74,0.03088,0.851,0.03307,1.0573619,6.4e-05,0.131
2008-10,0.8111,0.5448,1.0357,0.1733,1.5688,1.99404091,0.1527,0.000119,0.02441,0.01187,0.000894,0.0937,0.3362,0.1822,0.7177,0.385,0.04468,0.1591,0.8009,0.03438,0.7992,0.03621,1.18214545,7.1e-05,0.1216
2008-11,0.8021,0.537,1.0221,0.1784,1.5529,1.86586842,0.157164,0.000105,0.02492,0.01258,0.00087,0.09279,0.3394,0.1757,0.6879,0.3935,0.04459,0.153,0.8077,0.03471,0.7633,0.03679,1.22024737,7.2e-05,0.1205
2008-12,0.8283,0.5151,1.0815,0.1801,1.6635,1.83425238,0.159279,0.00011,0.02544,0.01352,0.000906,0.09197,0.3474,0.1761,0.6892,0.3964,0.04383,0.154,0.835,0.03523,0.7975,0.03726,1.2343619,7.2e-05,0.1242
2009-01,0.8271,0.5309,1.0883,0.1794,1.623,1.77269524,0.158097,0.00011,0.02517,0.0136,0.000904,0.08828,0.3432,0.1762,0.6744,0.389,0.03857,0.1511,0.822,0.03513,0.7638,0.03673,1.22481905,7e-05,0.1236
2009-02,0.8094,0.5366,1.0696,0.1821,1.5929,1.79443,0.16059,0.000105,0.02529,0.01342,0.000865,0.08527,0.3425,0.1811,0.6421,0.3848,0.03477,0.1458,0.8201,0.03524,0.7485,0.03635,1.24477,7.1e-05,0.1247
2009-03,0.8422,0.5459,1.0943,0.185,1.6492,1.791,0.163095,0.000107,0.02472,0.01292,0.000872,0.08636,0.3441,0.1864,0.6738,0.398,0.03654,0.1477,0.8265,0.03535,0.7383,0.03685,1.26331364,7.2e-05,0.1271
2009-04,0.8758,0.5551,1.0666,0.1792,1.6158,1.80097143,0.157938,0.000111,0.02449,0.01238,0.000918,0.09123,0.3393,0.1839,0.7004,0.3969,0.03653,0.1488,0.8147,0.03454,0.7611,0.03638,1.22459524,6.9e-05,0.1366
2009-05,0.8809,0.557,1.0406,0.1687,1.5727,1.77671,0.148489,0.000111,0.02372,0.01192,0.000917,0.08724,0.3269,0.1786,0.693,0.3846,0.03605,0.1486,0.788,0.03322,0.7393,0.03501,1.14998,6.5e-05,0.1376
2009-06,0.9038,0.575,1.0421,0.1648,1.5785,1.84380909,0.145349,0.000111,0.02361,0.01166,0.000892,0.08443,0.3202,0.1762,0.7192,0.3767,0.03624,0.145,0.7756,0.03301,0.7283,0.03436,1.12713182,6.3e-05,0.1402
2009-07,0.9022,0.5801,1.0403,0.1643,1.5802,1.83649545,0.144794,0.000111,0.02318,0.01191,0.000889,0.08389,0.3163,0.1764,0.7225,0.3728,0.03557,0.1458,0.7739,0.03295,0.7393,0.03411,1.12170909,6.3e-05,0.1409
2009-08,0.9087,0.5895,1.0183,0.1593,1.5517,1.7969,0.140402,0.000109,0.02253,0.01147,0.000877,0.08369,0.3093,0.1792,0.7367,0.369,0.03432,0.152,0.7543,0.03198,0.7303,0.0331,1.088895,6.1e-05,0.1368
2009-09,0.9325,0.5947,1.041,0.1584,1.5764,1.76548571,0.139577,0.00011,0.02239,0.01185,0.000892,0.08067,0.3098,0.1833,0.7619,0.372,0.03524,0.1547,0.7605,0.032,0.726,0.03324,1.0818381,6.1e-05,0.1441
2009-10,0.9561,0.6069,1.0327,0.1545,1.5632,1.7099381,0.13611,0.000111,0.0226,0.01167,0.000898,0.07974,0.3099,0.1869,0.7788,0.3673,0.03584,0.1516,0.7546,0.03157,0.7157,0.03267,1.05605238,5.9e-05,0.1408
2009-11,0.9739,0.6127,1.0462,0.1552,1.5799,1.758015,0.136719,0.000112,0.02276,0.01189,0.000911,0.08084,0.3125,0.1877,0.7725,0.3673,0.03658,0.1529,0.7628,0.03184,0.7091,0.03277,1.0594,5.9e-05,0.141
2009-12,0.9518,0.6019,1.0238,0.1544,1.538,1.7118381,0.136006,0.000112,0.02265,0.01174,0.000905,0.082,0.3091,0.1827,0.756,0.3664,0.03503,0.1478,0.7553,0.03174,0.6992,0.03269,1.05601429,5.7e-05,0.1408
2010-01,0.9523,0.5856,1.0087,0.1528,1.4882,1.6857,0.134355,0.000113,0.02272,0.01145,0.000916,0.08146,0.309,0.1818,0.7579,0.3652,0.03492,0.1459,0.7469,0.03157,0.7081,0.03272,1.043475,5.7e-05,0.1398
2010-02,0.9361,0.5735,0.9854,0.1548,1.4453,1.65064,0.13606,0.000113,0.02283,0.01173,0.000914,0.08166,0.3093,0.1785,0.7368,0.3703,0.03505,0.1454,0.7481,0.03189,0.6957,0.03294,1.055925,5.7e-05,0.1377
2010-03,0.9331,0.5729,0.9591,0.1499,1.3882,1.54037391,0.131807,0.000112,0.0225,0.01128,0.0009,0.08139,0.3079,0.1727,0.7197,0.3603,0.0346,0.1428,0.7309,0.03147,0.6667,0.03213,1.02328261,5.4e-05,0.138
2010-04,0.9311,0.5721,0.94,0.1472,1.348,1.54125714,0.129473,0.000111,0.02262,0.01076,0.000901,0.08212,0.3137,0.1698,0.716,0.3539,0.03444,0.1395,0.7278,0.03113,0.674,0.03193,1.00505238,5.3e-05,0.1367
2010-05,0.9059,0.5737,0.9207,0.1523,1.3054,1.52542,0.133574,0.000113,0.02273,0.01131,0.000894,0.08172,0.32,0.1654,0.7259,0.3655,0.0341,0.135,0.7459,0.03211,0.6702,0.03266,1.04028,5.5e-05,0.136
2010-06,0.8859,0.5749,0.9227,0.1522,1.2685,1.53240455,0.133269,0.000114,0.02231,0.01143,0.000855,0.08164,0.3179,0.1603,0.7186,0.3659,0.03321,0.1326,0.7423,0.03197,0.6578,0.03221,1.03957727,5.5e-05,0.1358
2010-07,0.9155,0.5894,0.9902,0.1539,1.3358,1.59522857,0.134099,0.000115,0.02228,0.01191,0.000866,0.08139,0.3254,0.1665,0.7446,0.3694,0.0341,0.1408,0.7578,0.03227,0.6785,0.03246,1.0429381,5.5e-05,0.1386
2010-08,0.9367,0.5917,1.0026,0.1534,1.342,1.62937143,0.134011,0.000116,0.02238,0.01221,0.000882,0.08151,0.3303,0.1691,0.7434,0.3718,0.03425,0.1424,0.7682,0.03284,0.689,0.03263,1.04182381,5.4e-05,0.1428
2010-09,0.9708,0.6011,1.0329,0.1533,1.3535,1.61044286,0.133049,0.000115,0.02252,0.01225,0.000889,0.08073,0.3328,0.171,0.7528,0.3702,0.03354,0.1468,0.7748,0.03355,0.6926,0.03262,1.03359048,5.3e-05,0.1452
2010-10,0.9993,0.6044,1.0508,0.1526,1.415,1.615035,0.131209,0.000114,0.02294,0.01246,0.000907,0.08183,0.3284,0.1745,0.7654,0.3647,0.03356,0.1524,0.7813,0.034,0.7145,0.03302,1.01849,5.2e-05,0.1473
2010-11,1.001,0.591,1.0279,0.1522,1.3813,1.61538095,0.130597,0.000113,0.02251,0.01227,0.000895,0.08207,0.325,0.1697,0.7815,0.361,0.03262,0.1484,0.7795,0.03387,0.7004,0.03337,1.01318571,5.2e-05,0.1451
2010-12,1.0012,0.5948,1.0411,0.1516,1.3335,1.57293333,0.12964,0.000112,0.02235,0.0121,0.00088,0.08134,0.322,0.1686,0.758,0.3579,0.03267,0.1471,0.7717,0.03348,0.6626,0.03369,1.00795714,5.2e-05,0.1477
2011-01,0.9887,0.5928,1.0373,0.1506,1.3285,1.57044,0.127726,0.00011,0.02187,0.01202,0.000888,0.08202,0.3247,0.1697,0.7607,0.3568,0.033,0.1491,0.7724,0.03249,0.6346,0.03413,0.99417,5.1e-05,0.1432
2011-02,0.9958,0.5925,1.0399,0.1501,1.3486,1.59277,0.126779,0.000111,0.02177,0.01196,0.000883,0.08185,0.3242,0.1724,0.7525,0.3564,0.03377,0.1535,0.7739,0.03217,0.6213,0.03372,0.98752,4.9e-05,0.1375
2011-03,0.9875,0.5891,1.0632,0.1488,1.3691,1.57794783,0.125339,0.000112,0.02174,0.01196,0.000872,0.0814,0.3217,0.1746,0.7248,0.3514,0.03436,0.1538,0.7701,0.03218,0.619,0.0331,0.97661304,4.7e-05,0.1415
2011-04,1.0137,0.6047,1.0676,0.1468,1.385,1.568675,0.12329,0.000111,0.02161,0.01151,0.000884,0.08182,0.3182,0.1773,0.7557,0.3404,0.03416,0.1544,0.7683,0.03187,0.6294,0.03304,0.957795,4.6e-05,0.1425
2011-05,1.034,0.6004,1.1093,0.149,1.3885,1.58237619,0.124502,0.000113,0.02156,0.01194,0.000893,0.08309,0.3213,0.177,0.7716,0.3484,0.03469,0.155,0.7817,0.03201,0.6145,0.03369,0.96784762,4.7e-05,0.1413
2011-06,1.0369,0.6158,1.1627,0.1509,1.4067,1.58407727,0.12546,0.000114,0.0218,0.01214,0.000904,0.08273,0.3225,0.1796,0.7966,0.3534,0.03492,0.1544,0.7916,0.03201,0.6099,0.03389,0.97728636,4.8e-05,0.1439
2011-07,1.0296,0.6113,1.1631,0.1479,1.3636,1.54345,0.122641,0.000112,0.02152,0.01206,0.000903,0.08184,0.3191,0.1753,0.81,0.3485,0.03422,0.1494,0.7856,0.03179,0.5761,0.03313,0.95577,4.7e-05,0.1407
2011-08,1.03,0.6148,1.2611,0.1535,1.4092,1.60781364,0.126052,0.000115,0.02166,0.01277,0.000914,0.08018,0.3291,0.1807,0.8216,0.359,0.03404,0.1536,0.8127,0.03288,0.5591,0.03391,0.98235909,4.7e-05,0.1384
2011-09,1.024,0.5738,1.1444,0.1569,1.3778,1.58078571,0.128627,0.000115,0.02102,0.01306,0.000894,0.0768,0.325,0.1782,0.8134,0.3652,0.03256,0.1508,0.7997,0.0329,0.557,0.0337,1.00297143,4.8e-05,0.1325
2011-10,1.0363,0.5762,1.1384,0.1601,1.4,1.607595,0.131119,0.000115,0.02072,0.01331,0.000886,0.07589,0.3252,0.1808,0.8064,0.3736,0.03268,0.1536,0.7992,0.03305,0.5576,0.03369,1.01911,4.9e-05,0.1282
2011-11,1.0352,0.573,1.1292,0.1613,1.3895,1.61967143,0.131819,0.000114,0.02022,0.01323,0.000904,0.07479,0.3251,0.1785,0.7895,0.3791,0.03323,0.152,0.7953,0.03313,0.565,0.03392,1.02571429,4.9e-05,0.1256
2011-12,1.0359,0.5569,1.0969,0.1612,1.347,1.59525,0.13164,0.000113,0.01954,0.01316,0.000892,0.07437,0.324,0.1738,0.7879,0.3797,0.03242,0.1493,0.7902,0.03284,0.5469,0.03384,1.02407,4.9e-05,0.1249
2012-01,1.0547,0.5676,1.0798,0.1604,1.3068,1.5719,0.130527,0.000112,0.01987,0.01317,0.000888,0.07569,0.3256,0.1703,0.8116,0.3763,0.03239,0.1478,0.7926,0.03212,0.5511,0.03377,1.01273333,4.8e-05,0.1265
2012-02,1.0697,0.5803,1.093,0.1582,1.3194,1.57505238,0.128508,0.000111,0.02026,0.0127,0.000887,0.07801,0.3297,0.1746,0.8323,0.3714,0.03349,0.1496,0.7951,0.03245,0.567,0.03373,0.99704762,4.8e-05,0.1304
2012-03,1.046,0.5536,1.0884,0.1574,1.3126,1.57256818,0.128038,0.000109,0.01973,0.01205,0.000882,0.07792,0.3263,0.1741,0.8147,0.3721,0.03385,0.1476,0.7893,0.03236,0.5549,0.03366,0.99348636,4.8e-05,0.1306
2012-04,1.0275,0.5354,1.087,0.1574,1.3066,1.58866,0.127886,0.000108,0.01919,0.01222,0.000874,0.07601,0.3244,0.1726,0.812,0.3736,0.03368,0.1474,0.7937,0.03216,0.5554,0.0337,0.99265,4.8e-05,0.1267
2012-05,1.0075,0.5105,1.0754,0.1596,1.2918,1.60708636,0.130075,0.000109,0.0186,0.01268,0.000873,0.07413,0.3259,0.1706,0.7821,0.3785,0.03268,0.1437,0.7999,0.03225,0.5585,0.03424,1.01023636,4.8e-05,0.1239
2012-06,1.0265,0.5019,1.0735,0.1616,1.2892,1.59910476,0.132497,0.000109,0.01837,0.01296,0.000883,0.07386,0.3233,0.1709,0.8024,0.3848,0.03133,0.1453,0.8041,0.0325,0.5643,0.03436,1.02752381,4.9e-05,0.1226
2012-07,1.0445,0.499,1.0363,0.1591,1.2445,1.58044286,0.130726,0.000107,0.01831,0.01284,0.000888,0.07587,0.3202,0.167,0.8097,0.385,0.03121,0.1459,0.8045,0.03205,0.5597,0.03382,1.01349048,4.9e-05,0.1229
2012-08,1.0386,0.4892,1.0248,0.156,1.2307,1.56014091,0.127914,0.000104,0.01788,0.0126,0.000876,0.07525,0.3182,0.1681,0.8035,0.3793,0.03104,0.1486,0.7947,0.03159,0.5519,0.03312,0.9927,4.8e-05,0.12
2012-09,1.018,0.4826,1.0423,0.1548,1.2604,1.57750526,0.126165,0.000102,0.01799,0.01252,0.000871,0.0757,0.3179,0.1702,0.802,0.3759,0.03123,0.1483,0.7951,0.0316,0.5433,0.03317,0.97844737,4.7e-05,0.1185
2012-10,1.0166,0.4863,1.0588,0.1576,1.2808,1.58731818,0.127355,0.000103,0.0186,0.01249,0.000893,0.07654,0.3233,0.1729,0.8091,0.3813,0.03172,0.1486,0.8067,0.03217,0.5477,0.03375,0.98754091,4.7e-05,0.1142
2012-11,1.0372,0.4822,1.0622,0.1599,1.2801,1.59183333,0.128643,0.000104,0.0182,0.01229,0.000917,0.07633,0.3261,0.1744,0.8168,0.3837,0.03179,0.1487,0.815,0.03246,0.5561,0.03423,0.99681429,4.8e-05,0.1132
2012-12,1.0361,0.476,1.0735,0.1588,1.2976,1.59764211,0.127682,0.000103,0.01812,0.01183,0.00092,0.07696,0.324,0.1763,0.8232,0.3855,0.03219,0.15,0.8109,0.03231,0.5536,0.03406,0.98983684,4.7e-05,0.1149
2013-01,1.0417,0.489,1.074,0.1595,1.32,1.58311818,0.127965,0.000103,0.0183,0.01114,0.00093,0.07814,0.3264,0.1786,0.8304,0.3886,0.03284,0.153,0.8077,0.03301,0.5603,0.0341,0.99194545,4.7e-05,0.1127
2013-02,1.041,0.5117,1.0961,0.162,1.3476,1.56233158,0.130213,0.000104,0.01876,0.01086,0.000928,0.07935,0.326,0.1814,0.8465,0.3917,0.03341,0.1584,0.8155,0.03386,0.5678,0.03407,1.00954737,4.8e-05,0.1137
2013-03,1.0597,0.5169,1.0828,0.1649,1.328,1.544755,0.132068,0.000106,0.01883,0.01081,0.000929,0.08191,0.3296,0.1773,0.8485,0.3951,0.03325,0.1591,0.8218,0.03471,0.5666,0.03445,1.02433,4.9e-05,0.1115
2013-04,1.0573,0.509,1.0877,0.1647,1.3269,1.55964091,0.131222,0.000105,0.01875,0.01042,0.000909,0.08345,0.3341,0.1758,0.8636,0.3919,0.03252,0.1571,0.8228,0.03504,0.5671,0.03415,1.01849091,4.9e-05,0.1119
2013-05,1.0105,0.5006,1.0673,0.1661,1.3243,1.55924091,0.131397,0.000105,0.01854,0.01011,0.000917,0.08288,0.3376,0.1752,0.8407,0.3855,0.03253,0.1545,0.8166,0.03425,0.5584,0.03424,1.02052727,4.9e-05,0.1091
2013-06,0.9734,0.4746,1.1053,0.1681,1.361,1.597755,0.132917,0.000105,0.01766,0.01061,0.000908,0.07957,0.328,0.1756,0.8149,0.375,0.03188,0.1566,0.8188,0.03344,0.5428,0.03445,1.03154,4.9e-05,0.1031
2013-07,0.9519,0.4617,1.1004,0.1696,1.3608,1.57809091,0.134118,0.000103,0.01739,0.01043,0.000924,0.08153,0.3258,0.1726,0.8202,0.3745,0.03174,0.1572,0.82,0.03342,0.5379,0.03474,1.03993636,4.9e-05,0.1049
2013-08,0.941,0.4444,1.1241,0.17,1.386,1.6145619,0.13421,9.9e-05,0.01656,0.01064,0.000932,0.08056,0.3173,0.1743,0.8243,0.3712,0.03152,0.1593,0.8179,0.03294,0.5305,0.03475,1.04054762,4.9e-05,0.1032
2013-09,0.962,0.4568,1.1205,0.169,1.3819,1.642475,0.133373,9.1e-05,0.01625,0.01042,0.000955,0.07923,0.3182,0.1733,0.844,0.3724,0.03179,0.1594,0.8193,0.03268,0.5128,0.0349,1.034335,4.9e-05,0.1038
2013-10,0.9864,0.4735,1.1483,0.1698,1.4142,1.66818636,0.133656,9.1e-05,0.01682,0.0106,0.000972,0.07977,0.3265,0.1742,0.8647,0.3741,0.03232,0.1617,0.8336,0.03321,0.5222,0.03526,1.03673182,4.9e-05,0.1047
2013-11,0.977,0.4566,1.1497,0.1722,1.416,1.69047,0.135342,9e-05,0.01678,0.01047,0.000988,0.08033,0.328,0.1724,0.8657,0.375,0.03204,0.1593,0.8406,0.03314,0.5183,0.03553,1.049025,5e-05,0.1028
2013-12,0.9559,0.4532,1.1912,0.1751,1.4585,1.742755,0.137215,8.8e-05,0.01721,0.01029,0.001007,0.08179,0.3276,0.1734,0.8752,0.3818,0.03237,0.1628,0.8454,0.0329,0.5159,0.0358,1.063705,5e-05,0.1026
2014-01,0.9687,0.4591,1.2102,0.1808,1.4897,1.80184545,0.141041,9e-05,0.01762,0.01054,0.001025,0.08274,0.3311,0.1775,0.9053,0.3894,0.03235,0.1687,0.8596,0.03323,0.4923,0.03629,1.09484545,5.2e-05,0.1005
2014-02,0.9919,0.4646,1.2369,0.1818,1.5107,1.83043158,0.142486,9.3e-05,0.01777,0.01082,0.001032,0.08316,0.3342,0.1808,0.9171,0.393,0.0313,0.1702,0.8732,0.03388,0.5009,0.03647,1.10606316,5.2e-05,0.1009
2014-03,1.0094,0.4777,1.2614,0.1799,1.5358,1.84621429,0.143107,9.7e-05,0.01822,0.01085,0.001037,0.08419,0.3385,0.1852,0.9483,0.3958,0.03075,0.1732,0.8764,0.03431,0.5019,0.03653,1.11068571,5.3e-05,0.1034
2014-04,1.0236,0.4925,1.245,0.1766,1.5178,1.84053333,0.141745,9.6e-05,0.01821,0.01073,0.001054,0.0841,0.3376,0.1838,0.9459,0.3934,0.0308,0.1679,0.8758,0.03401,0.5171,0.0364,1.09901905,5.2e-05,0.1043
2014-05,1.013,0.4905,1.2263,0.1746,1.4963,1.83481905,0.140518,9.4e-05,0.01836,0.0107,0.001063,0.08424,0.3372,0.1833,0.937,0.3908,0.03126,0.1657,0.8703,0.03348,0.5212,0.03616,1.08885238,5.2e-05,0.1046
2014-06,1.0142,0.4846,1.209,0.1738,1.4724,1.83113333,0.13972,9.1e-05,0.01813,0.01061,0.001063,0.08335,0.3365,0.1792,0.9336,0.3877,0.03151,0.162,0.8656,0.03332,0.5114,0.03611,1.08258095,5.1e-05,0.1014
2014-07,1.0075,0.4826,1.1957,0.1733,1.4529,1.83265,0.138563,9.2e-05,0.01788,0.01055,0.001052,0.08265,0.3376,0.1732,0.9326,0.3855,0.03089,0.1573,0.8642,0.03345,0.5067,0.03585,1.07404091,5.1e-05,0.1007
2014-08,1.017,0.4815,1.2009,0.1776,1.4544,1.82403,0.140987,9.3e-05,0.01796,0.01061,0.001067,0.08315,0.3441,0.1765,0.9214,0.3882,0.03019,0.1584,0.8751,0.03414,0.5054,0.03645,1.092195,5.2e-05,0.1025
2014-09,0.9954,0.4713,1.1751,0.1794,1.4192,1.79367143,0.142039,9.3e-05,0.01808,0.01025,0.001063,0.08319,0.342,0.1733,0.8954,0.3842,0.02894,0.1544,0.8712,0.03419,0.4972,0.03654,1.10135238,5.2e-05,0.1002
2014-10,0.9845,0.4578,1.1768,0.1831,1.4214,1.80223636,0.144539,9.2e-05,0.01828,0.01038,0.001057,0.08318,0.343,0.1709,0.883,0.3857,0.02737,0.1547,0.8797,0.03455,0.4982,0.03688,1.12166818,5.3e-05,0.1014
2014-11,0.9784,0.4441,1.1747,0.1849,1.4127,1.78592632,0.146065,9.3e-05,0.01836,0.009735,0.001031,0.08314,0.3384,0.1661,0.8874,0.3872,0.02449,0.1527,0.8735,0.03453,0.5073,0.03684,1.13315263,5.3e-05,0.1022
2014-12,0.952,0.4365,1.1825,0.1863,1.4218,1.80402381,0.148723,9.3e-05,0.01839,0.009665,0.001045,0.07943,0.3316,0.1585,0.8954,0.3895,0.02036,0.1512,0.8768,0.03506,0.5027,0.03677,1.15361429,5.4e-05,0.1003
2015-01,0.9774,0.46,1.2944,0.1948,1.4065,1.83423333,0.156258,9.6e-05,0.01951,0.01025,0.001113,0.08244,0.3379,0.1576,0.9244,0.4029,0.01878,0.1493,0.9056,0.03702,0.5188,0.0383,1.21231429,5.7e-05,0.1048
2015-02,0.9745,0.4438,1.3353,0.1999,1.4187,1.916,0.16118,9.8e-05,0.02016,0.01053,0.001134,0.08379,0.3474,0.1647,0.9316,0.406,0.01945,0.1496,0.9225,0.03837,0.507,0.0396,1.24988421,5.9e-05,0.108
2015-03,0.9745,0.4021,1.288,0.2023,1.365,1.88728182,0.162645,9.7e-05,0.02019,0.01048,0.001133,0.08282,0.3428,0.1578,0.9411,0.408,0.02097,0.1477,0.9163,0.03867,0.4865,0.04013,1.26120455,5.9e-05,0.1044
2015-04,0.9546,0.4059,1.2844,0.1988,1.3332,1.84538095,0.159091,9.5e-05,0.01968,0.01032,0.001136,0.08107,0.3395,0.1566,0.9364,0.3953,0.02341,0.1428,0.9145,0.03791,0.4643,0.0398,1.23307619,5.7e-05,0.1029
2015-05,0.9602,0.398,1.3062,0.1964,1.3581,1.881695,0.157165,9.3e-05,0.01913,0.01008,0.001114,0.07971,0.3383,0.1611,0.8987,0.3868,0.02405,0.146,0.9125,0.03633,0.4604,0.03978,1.218475,5.6e-05,0.1017
2015-06,0.954,0.3973,1.3265,0.1993,1.3879,1.92583182,0.1595,9.3e-05,0.01939,0.009995,0.00111,0.07988,0.3307,0.1583,0.8637,0.3912,0.02265,0.1496,0.9189,0.03666,0.4581,0.04002,1.23576364,5.7e-05,0.1006
2015-07,0.9518,0.3985,1.3475,0.2072,1.4147,2.00145909,0.165959,9.6e-05,0.02022,0.01043,0.001121,0.08066,0.338,0.1582,0.855,0.4042,0.02236,0.1507,0.9448,0.03744,0.4764,0.04124,1.28642727,5.9e-05,0.1032
2015-08,0.9592,0.3737,1.3578,0.2072,1.4653,2.04788,0.169588,9.5e-05,0.02018,0.0107,0.001115,0.07943,0.3228,0.1593,0.8606,0.4056,0.02001,0.1539,0.9397,0.0371,0.4601,0.04081,1.31432,5.9e-05,0.1018
2015-09,0.9363,0.3401,1.3641,0.2083,1.4896,2.03472857,0.17118,9.2e-05,0.02005,0.01104,0.001119,0.07878,0.3078,0.1601,0.8409,0.4122,0.01992,0.1586,0.9376,0.03683,0.44,0.0406,1.32664762,5.9e-05,0.09726
2015-10,0.9411,0.3374,1.3495,0.2058,1.4676,2.0055,0.168677,9.5e-05,0.0201,0.01089,0.001143,0.07888,0.307,0.158,0.8748,0.4026,0.02069,0.1569,0.9334,0.03663,0.4471,0.04029,1.30730476,5.9e-05,0.09687
2015-11,0.9495,0.3509,1.3143,0.2084,1.4236,2.01711,0.171339,9.7e-05,0.02008,0.01083,0.00115,0.07986,0.308,0.1536,0.8704,0.3977,0.02042,0.1529,0.9391,0.0371,0.4617,0.0407,1.32751,5.9e-05,0.09383
2015-12,0.9929,0.353,1.3769,0.2124,1.4916,2.05338095,0.176813,9.9e-05,0.0206,0.01126,0.001166,0.08032,0.3203,0.1575,0.924,0.4051,0.01958,0.1612,0.9731,0.03806,0.4689,0.04172,1.37035238,6.1e-05,0.09144
2016-01,0.9959,0.3508,1.4108,0.2163,1.5441,2.045705,0.182757,0.000102,0.02112,0.01204,0.001181,0.07871,0.3275,0.1611,0.9285,0.4136,0.01844,0.1663,0.9925,0.03936,0.4721,0.04252,1.42255,6.4e-05,0.08699
2016-02,0.9842,0.348,1.3906,0.2106,1.5304,1.971645,0.177247,0.000102,0.02021,0.01204,0.001134,0.07486,0.3299,0.1602,0.9149,0.3933,0.01788,0.1627,0.9817,0.03874,0.4687,0.04149,1.37884,6.2e-05,0.08753
2016-03,0.9922,0.3578,1.3477,0.2034,1.4721,1.88499545,0.170419,0.0001,0.01977,0.01171,0.001118,0.07499,0.3251,0.156,0.8923,0.3882,0.01887,0.1585,0.9636,0.03755,0.4585,0.04056,1.32104091,5.9e-05,0.08599
2016-04,0.9823,0.3597,1.3306,0.1979,1.4543,1.83504762,0.165275,9.7e-05,0.01929,0.0117,0.001118,0.07332,0.3287,0.1561,0.8833,0.3885,0.01928,0.158,0.9496,0.03655,0.4524,0.03965,1.2817619,5.8e-05,0.08783
2016-05,0.9467,0.3655,1.3236,0.1982,1.4635,1.88077619,0.166694,9.7e-05,0.01935,0.01188,0.001101,0.07136,0.3202,0.1573,0.8804,0.3881,0.01965,0.1575,0.9448,0.03654,0.4405,0.03976,1.29425238,5.8e-05,0.08444
2016-06,0.9542,0.377,1.33,0.1956,1.4482,1.83016818,0.16613,9.7e-05,0.01917,0.01225,0.001106,0.06912,0.3161,0.1552,0.9078,0.3892,0.01984,0.1553,0.9528,0.03656,0.4429,0.03991,1.2887,5.8e-05,0.08566
2016-07,0.9828,0.3981,1.3276,0.1954,1.4426,1.71389,0.168241,0.0001,0.01943,0.01253,0.001143,0.0701,0.3248,0.1539,0.931,0.3949,0.02026,0.1522,0.9657,0.03723,0.4395,0.04065,1.304575,5.8e-05,0.09066
2016-08,0.9916,0.4053,1.3378,0.1954,1.4563,1.70176818,0.167551,9.9e-05,0.01942,0.01284,0.00117,0.0704,0.3228,0.1567,0.9403,0.3897,0.02003,0.1535,0.9639,0.03742,0.4391,0.0412,1.29932273,5.8e-05,0.09436
2016-09,0.995,0.403,1.3468,0.1965,1.4704,1.72219048,0.169002,0.0001,0.01964,0.01288,0.001182,0.06814,0.319,0.1599,0.9584,0.3878,0.02036,0.1536,0.9644,0.03775,0.4416,0.04166,1.31023333,5.9e-05,0.09347
2016-10,1.009,0.4161,1.3417,0.1968,1.4594,1.63361,0.170824,0.000102,0.01985,0.01275,0.001174,0.07015,0.3173,0.1621,0.9477,0.3914,0.02115,0.1502,0.9569,0.03779,0.4305,0.04193,1.325305,5.9e-05,0.09513
2016-11,1.0112,0.4026,1.3478,0.1963,1.4486,1.67064762,0.173251,0.000101,0.01985,0.01238,0.001154,0.06712,0.31,0.1596,0.96,0.3951,0.02087,0.1471,0.952,0.03801,0.4079,0.04232,1.34399048,6e-05,0.09651
2016-12,0.9799,0.397,1.308,0.1926,1.406,1.665075,0.171797,0.0001,0.01966,0.0115,0.001127,0.06505,0.299,0.1558,0.9389,0.3924,0.02153,0.1448,0.9287,0.03725,0.3811,0.04166,1.333565,5.9e-05,0.09631
2017-01,0.9854,0.4133,1.3093,0.1914,1.4028,1.6289,0.1701,9.9e-05,0.01938,0.01149,0.001118,0.06165,0.2961,0.1559,0.9408,0.3951,0.02207,0.1475,0.9241,0.03723,0.3512,0.04168,1.3193,5.8e-05,0.09731
2017-02,1.0045,0.4221,1.3087,0.1907,1.3951,1.6367,0.1689,9.8e-05,0.01957,0.0116,0.001148,0.06462,0.2951,0.1574,0.9472,0.402,0.02244,0.1472,0.9269,0.03744,0.3577,0.04247,1.3107,5.8e-05,0.09937
2017-03,1.0204,0.428,1.3362,0.1941,1.4307,1.6524,0.1724,0.0001,0.02034,0.01186,0.001181,0.06942,0.3017,0.1573,0.9377,0.4101,0.02313,0.1501,0.9527,0.03839,0.3646,0.04369,1.3386,5.9e-05,0.1036
2017-04,1.0121,0.4283,1.3431,0.1951,1.4406,1.6994,0.1729,0.000101,0.02082,0.0122,0.001184,0.07161,0.3052,0.1565,0.9364,0.4138,0.02378,0.1501,0.961,0.03899,0.3681,0.04424,1.344,5.9e-05,0.0999
2017-05,1.0116,0.425,1.3787,0.1976,1.5029,1.758,0.1747,0.000102,0.02112,0.01212,0.001208,0.07251,0.3152,0.1599,0.9455,0.4158,0.02383,0.1549,0.9753,0.03949,0.3816,0.04512,1.3607,6e-05,0.1026
2017-06,1.0053,0.4036,1.3738,0.1953,1.494,1.703,0.1705,0.0001,0.02063,0.01199,0.001175,0.07333,0.3109,0.1572,0.9614,0.4072,0.02293,0.1532,0.9611,0.03912,0.3778,0.04393,1.3298,5.8e-05,0.1031
2017-07,0.9902,0.3966,1.3212,0.1874,1.4628,1.6488,0.1625,9.5e-05,0.01969,0.01129,0.00112,0.07127,0.2958,0.1558,0.9337,0.3905,0.02125,0.1526,0.9257,0.03763,0.3563,0.04174,1.2689,5.6e-05,0.09651
2017-08,0.9977,0.4,1.3061,0.1891,1.489,1.6324,0.1612,9.4e-05,0.0197,0.01148,0.001114,0.07082,0.2943,0.1598,0.9202,0.3889,0.02122,0.156,0.9263,0.03791,0.3596,0.04169,1.2605,5.5e-05,0.09528
2017-09,0.979,0.3921,1.2756,0.1869,1.463,1.6383,0.1572,9.2e-05,0.01905,0.01108,0.001084,0.06888,0.2917,0.1567,0.8912,0.3784,0.0213,0.1533,0.91,0.03705,0.3534,0.04074,1.2283,5.4e-05,0.09324
2017-10,0.9814,0.3948,1.2832,0.1902,1.4816,1.6638,0.1615,9.3e-05,0.01938,0.01116,0.001113,0.06697,0.298,0.1576,0.8871,0.3878,0.02184,0.1541,0.9269,0.03794,0.3427,0.04165,1.2605,5.5e-05,0.09199
2017-11,0.9733,0.3917,1.2883,0.1929,1.5,1.6893,0.1636,9.4e-05,0.0197,0.01133,0.00116,0.06752,0.3065,0.1559,0.8794,0.3939,0.02166,0.1523,0.9423,0.03882,0.328,0.04244,1.2769,5.6e-05,0.09097
2017-12,0.976,0.3878,1.2934,0.1936,1.5111,1.7118,0.1635,9.4e-05,0.01987,0.01131,0.001178,0.06672,0.3132,0.1535,0.8891,0.3933,0.02177,0.1521,0.9484,0.03913,0.3325,0.04262,1.2771,5.6e-05,0.0973
2018-01,0.9888,0.3871,1.294,0.1934,1.5165,1.718,0.1589,9.3e-05,0.01953,0.01121,0.001165,0.06573,0.3144,0.1573,0.9029,0.3864,0.02195,0.1545,0.9405,0.03898,0.3296,0.04225,1.2427,5.5e-05,0.1019
2018-02,0.9901,0.3873,1.3456,0.1991,1.5533,1.7571,0.1609,9.2e-05,0.01953,0.01166,0.001166,0.06749,0.3217,0.1605,0.9192,0.3874,0.02214,0.1563,0.9535,0.03997,0.3324,0.04303,1.2586,5.5e-05,0.1064
2018-03,1.0038,0.3945,1.3645,0.2045,1.595,1.807,0.1649,9.4e-05,0.01988,0.01219,0.001207,0.06946,0.3312,0.1665,0.9384,0.3978,0.02262,0.157,0.9834,0.04135,0.3326,0.04427,1.2932,5.7e-05,0.1092
2018-04,0.9782,0.3738,1.315,0.2021,1.5628,1.7922,0.1622,9.2e-05,0.01939,0.01183,0.001191,0.06927,0.3275,0.1623,0.9223,0.3942,0.02091,0.1506,0.9676,0.04066,0.3133,0.04334,1.2733,5.6e-05,0.1052
2018-05,0.9686,0.3548,1.2912,0.202,1.5212,1.7335,0.164,9.2e-05,0.01907,0.01174,0.001195,0.06593,0.325,0.1589,0.8951,0.3934,0.02063,0.1469,0.9613,0.04028,0.2917,0.04309,1.2873,5.7e-05,0.1027
2018-06,0.9838,0.3478,1.3261,0.203,1.5329,1.7443,0.1673,9.4e-05,0.01936,0.01193,0.001199,0.06469,0.3283,0.1618,0.9111,0.4013,0.02091,0.1491,0.9738,0.04041,0.2836,0.04363,1.3129,5.7e-05,0.09863
2018-07,0.9724,0.3435,1.3202,0.1954,1.5347,1.7292,0.1673,9.1e-05,0.01911,0.01178,0.001169,0.06927,0.3242,0.1616,0.8918,0.4008,0.02092,0.149,0.9634,0.03946,0.275,0.04297,1.313,5.7e-05,0.09825
2018-08,0.955,0.3314,1.3206,0.1905,1.5059,1.679,0.1661,9e-05,0.01872,0.01175,0.001164,0.06912,0.3185,0.1564,0.8693,0.3963,0.0196,0.1437,0.9528,0.03951,0.2203,0.04246,1.3041,5.6e-05,0.09239
2018-09,0.9391,0.3173,1.3466,0.1901,1.5207,1.7035,0.1663,8.8e-05,0.01804,0.01163,0.001164,0.0686,0.3148,0.1582,0.86,0.3936,0.01929,0.1458,0.9508,0.04,0.207,0.04242,1.3037,5.6e-05,0.08838
2018-10,0.9248,0.3461,1.3087,0.188,1.4941,1.6926,0.166,8.6e-05,0.01769,0.01154,0.001149,0.0678,0.3128,0.1576,0.8503,0.3902,0.01978,0.1439,0.9432,0.03969,0.2244,0.04211,1.301,5.6e-05,0.08976
2018-11,0.9572,0.3487,1.3195,0.1903,1.501,1.7029,0.1686,9e-05,0.01842,0.01165,0.001172,0.06521,0.3154,0.1557,0.895,0.3911,0.01986,0.1458,0.9604,0.04006,0.2466,0.04284,1.32,5.7e-05,0.09386
2018-12,0.9637,0.3459,1.3541,0.1951,1.5288,1.702,0.1718,9.3e-05,0.01896,0.01197,0.001196,0.06681,0.3221,0.1558,0.9163,0.3994,0.01993,0.1488,0.9802,0.04106,0.2524,0.04362,1.3432,5.8e-05,0.09433
2019-01,0.9512,0.3559,1.344,0.1959,1.5186,1.7154,0.1696,9.4e-05,0.0188,0.01221,0.001186,0.06939,0.3231,0.1556,0.9017,0.3978,0.01994,0.1479,0.9808,0.04183,0.2479,0.04315,1.3301,5.7e-05,0.09622
2019-02,0.9428,0.3548,1.3187,0.196,1.499,1.7188,0.1683,9.4e-05,0.01855,0.01196,0.001177,0.06881,0.3238,0.1538,0.9023,0.3976,0.02006,0.1427,0.9755,0.04218,0.2503,0.04287,1.3206,5.7e-05,0.09562
2019-03,0.9467,0.3484,1.3361,0.1991,1.5105,1.7602,0.1703,9.4e-05,0.01924,0.01203,0.001181,0.0695,0.3277,0.1554,0.9135,0.4045,0.02051,0.1439,0.9871,0.04212,0.2442,0.04332,1.3368,5.8e-05,0.09294
2019-04,0.9512,0.3434,1.3271,0.1991,1.5029,1.7433,0.1705,9.5e-05,0.01927,0.01198,0.00117,0.07051,0.3252,0.1562,0.8985,0.4049,0.0207,0.1434,0.9864,0.04199,0.2323,0.04336,1.3378,5.8e-05,0.09454
2019-05,0.9348,0.3373,1.3316,0.1964,1.5057,1.7292,0.1715,9.4e-05,0.01929,0.01224,0.001138,0.07043,0.3228,0.154,0.8832,0.4041,0.02073,0.1403,0.9819,0.04233,0.2228,0.04309,1.3459,5.8e-05,0.0933
2019-06,0.923,0.3443,1.3448,0.1926,1.5009,1.6844,0.1698,9.3e-05,0.01914,0.01229,0.001133,0.06894,0.3193,0.154,0.8771,0.3994,0.02074,0.1413,0.9754,0.04272,0.2289,0.0425,1.3287,5.7e-05,0.09115
2019-07,0.9146,0.3469,1.326,0.1904,1.4687,1.6323,0.1677,9.4e-05,0.01906,0.0121,0.001112,0.06878,0.3177,0.152,0.875,0.3982,0.02072,0.1391,0.9622,0.04252,0.2313,0.04215,1.3101,5.6e-05,0.09334
2019-08,0.8991,0.3301,1.3557,0.188,1.4767,1.6141,0.1693,9.3e-05,0.01865,0.0125,0.001097,0.06742,0.317,0.148,0.8532,0.3928,0.02016,0.1376,0.9587,0.04318,0.2349,0.04233,1.3277,5.7e-05,0.08748
2019-09,0.9022,0.3214,1.3366,0.1861,1.4578,1.6375,0.169,9.4e-05,0.01856,0.01231,0.001109,0.06772,0.3165,0.147,0.8401,0.3947,0.02043,0.1364,0.96,0.04332,0.2322,0.04261,1.3241,5.7e-05,0.08929
2019-10,0.8964,0.3229,1.328,0.1858,1.4583,1.6684,0.1682,9.3e-05,0.01857,0.0122,0.001115,0.06824,0.315,0.1441,0.8356,0.3926,0.0205,0.135,0.9623,0.04345,0.228,0.04298,1.319,5.7e-05,0.08843
2019-11,0.9035,0.3184,1.3328,0.1885,1.4627,1.7058,0.1691,9.4e-05,0.01852,0.01216,0.001133,0.06846,0.3184,0.1447,0.847,0.3927,0.02072,0.1374,0.9721,0.04378,0.2306,0.04343,1.3239,5.7e-05,0.08951
2019-12,0.9066,0.3206,1.3405,0.1878,1.464,1.727,0.1687,9.4e-05,0.01851,0.01208,0.001121,0.0689,0.3176,0.1458,0.8686,0.3925,0.02093,0.1397,0.9708,0.04361,0.2251,0.04351,1.3172,5.7e-05,0.09133
2020-01,0.8968,0.3154,1.3495,0.189,1.4523,1.7106,0.1684,9.6e-05,0.01836,0.01197,0.001121,0.0696,,0.1461,0.8639,0.3933,0.02112,0.1376,0.9682,,0.2208,0.04356,1.3087,,0.09073
2020-02,0.8854,0.3056,1.361,0.1899,1.4494,1.721,0.1709,9.7e-05,0.01857,0.01207,0.001111,0.07049,,0.1429,0.8489,0.3917,0.0207,0.1371,0.9558,,0.2189,0.04402,1.3286,,0.08839
2020-03,0.8671,0.2858,1.4555,0.1987,1.5417,1.7239,0.1796,9.2e-05,0.01871,0.01296,0.001145,0.06263,,0.1367,0.844,0.3996,0.01875,0.1419,0.9845,,0.2199,0.04628,1.3953,,0.08377
2020-04,0.8865,0.2641,1.4484,0.1987,1.5276,1.7453,0.1814,8.9e-05,0.01845,0.01305,0.001149,0.05803,,0.1348,0.8447,0.4138,0.01871,0.1403,0.9874,,0.2048,0.04673,1.4058,,0.07567
2020-05,0.9105,0.2484,1.4411,0.1966,1.5236,1.7188,0.1802,9.4e-05,0.01846,0.01303,0.001137,0.05958,,0.1385,0.8509,0.4086,0.0192,0.1437,0.9851,,0.2016,0.04665,1.397,,0.07703
2020-06,0.9348,0.2615,1.424,0.1913,1.5257,1.6969,0.1748,9.6e-05,0.0179,0.01259,0.001122,0.06079,,0.1422,0.8735,0.3902,0.01955,0.1456,0.9723,,0.1987,0.04569,1.355,,0.07912
2020-07,0.9502,0.2559,1.4466,0.1927,1.5499,1.7135,0.1742,9.3e-05,0.01802,0.01265,0.001126,0.06031,,0.1455,0.8901,0.384,0.01886,0.1498,0.9733,,0.1962,0.04588,1.3499,,0.08062
2020-08,0.9527,0.2419,1.4534,0.1909,1.5646,1.7374,0.1706,9e-05,0.01774,0.01247,0.001115,0.05961,,0.148,0.8725,0.3709,0.01791,0.1518,0.9659,,0.1813,0.04499,1.3222,,0.0767
2020-09,0.9558,0.2451,1.4457,0.1942,1.5591,1.7126,0.1707,8.9e-05,0.01799,0.01253,0.001124,0.06111,,0.1445,0.8816,0.3722,0.01739,0.1495,0.9684,,0.175,0.04529,1.3228,,0.07906
2020-10,0.9413,0.235,1.4484,0.1965,1.5553,1.715,0.1705,9e-05,0.01796,0.01256,0.001155,0.06212,,0.1422,0.8772,0.3675,0.01702,0.1496,0.9719,,0.1661,0.04603,1.3215,,0.08038
2020-11,0.9512,0.2405,1.4351,0.1979,1.5471,1.7262,0.1686,9.2e-05,0.01761,0.01252,0.001172,0.06403,,0.144,0.8977,0.3623,0.01701,0.1512,0.9703,,0.1641,0.04579,1.3068,,0.08417
2020-12,0.9645,0.2491,1.4417,0.1958,1.5586,1.7209,0.1652,9.1e-05,0.01739,0.01234,0.00117,0.06418,,0.1471,0.9085,0.3556,0.01729,0.1532,0.9611,,0.1661,0.0454,1.2808,,0.086
2021-01,0.9826,0.2376,1.4347,0.1967,1.5484,1.7352,0.1641,9.1e-05,0.0174,0.01226,0.001157,0.06388,,0.1495,0.9151,0.351,0.0171,0.1534,0.9596,,0.172,0.04544,1.2724,,0.08407
2021-02,0.9844,0.2346,1.414,0.1966,1.5356,1.7605,0.1638,9e-05,0.01744,0.01205,0.001142,0.06248,,0.1492,0.9197,0.3484,0.01706,0.1522,0.9562,,0.1789,0.04543,1.2699,,0.08587
2021-03,0.9691,0.223,1.3522,0.1931,1.4962,1.7427,0.1619,8.7e-05,0.01727,0.01156,0.001112,0.06057,,0.1476,0.897,0.3391,0.01688,0.1472,0.9366,,0.164,0.04448,1.2574,,0.08397
2021-04,0.9627,0.2247,1.3566,0.1917,1.4963,1.7298,0.1608,8.6e-05,0.01675,0.01147,0.001118,0.06236,,0.149,0.8912,0.338,0.01643,0.1472,0.9368,,0.1529,0.04427,1.2496,,0.08676
2021-05,0.9413,0.2292,1.3431,0.1886,1.4729,1.7078,0.1562,8.5e-05,0.01657,0.01111,0.00108,0.06071,,0.146,0.8764,0.3215,0.01639,0.1452,0.9121,,0.1446,0.04347,1.2126,,0.08633
2021-06,0.9338,0.2428,1.3457,0.1902,1.4719,1.7135,0.1574,8.5e-05,0.01661,0.0111,0.001088,0.06103,,0.1451,0.8681,0.3127,0.01683,0.1455,0.9163,,0.1417,0.04398,1.2219,,0.08781
2021-07,0.9294,0.2425,1.3657,0.1935,1.4812,1.7303,0.1612,8.7e-05,0.01681,0.01137,0.001093,0.06274,,0.1425,0.8747,0.3178,0.01693,0.1452,0.9243,,0.1458,0.04475,1.2529,,0.0862
2021-08,0.9201,0.2398,1.3775,0.1946,1.4826,1.7384,0.1619,8.8e-05,0.01701,0.01147,0.001085,0.06274,,0.1424,0.8793,0.3083,0.01712,0.1451,0.9302,,0.1486,0.04523,1.2603,,0.08524
2021-09,0.9271,0.2402,1.3737,0.1962,1.4919,1.7413,0.1629,8.9e-05,0.01721,0.01151,0.00108,0.06328,,0.1464,0.8947,0.3085,0.01738,0.1467,0.9403,,0.1481,0.04571,1.2671,,0.087
2021-10,0.9215,0.2246,1.348,0.1937,1.4428,1.7037,0.1599,8.8e-05,0.0166,0.011,0.001053,0.06084,,0.1471,0.8781,0.3096,0.01745,0.1436,0.9207,,0.135,0.04453,1.2437,,0.08375
2021-11,0.9178,0.2258,1.3631,0.1967,1.4336,1.6913,0.1614,8.8e-05,0.01688,0.01102,0.001061,0.06016,,0.1437,0.8813,0.3128,0.01723,0.1426,0.926,,0.1174,0.04519,1.257,,0.08084
2021-12,0.9156,0.2263,1.3895,0.2009,1.4462,1.7024,0.1641,8.9e-05,0.01697,0.01124,0.001081,0.0612,,0.1425,0.8685,0.3162,0.01731,0.1408,0.9385,,0.0939,0.04609,1.2794,,0.08047
2022-01,0.9055,0.2284,1.3726,0.1985,1.4281,1.7106,0.1619,8.8e-05,0.01695,0.01099,0.001055,0.06155,,0.1427,0.8503,0.3249,0.01645,0.1379,0.9341,,0.093,0.04559,1.2616,,0.08159
2022-02,0.9113,0.2447,1.378,0.2004,1.4426,1.7211,0.163,8.9e-05,0.01696,0.01103,0.001061,0.06213,,0.1436,0.849,0.335,0.01626,0.1369,0.9442,,0.0932,0.04561,1.2716,,0.08351
2022-03,0.9334,0.2544,1.3616,0.1995,1.3947,1.6669,0.1618,8.8e-05,0.01661,0.01068,0.001037,0.06163,,0.1433,0.8692,0.3384,0.01188,0.1323,0.9316,,0.0866,0.04453,1.2658,,0.0846
2022-04,0.9301,0.2659,1.3365,0.1963,1.3644,1.6324,0.161,8.8e-05,0.01657,0.00999,0.001021,0.06287,,0.1417,0.8532,0.3379,0.01587,0.1322,0.9241,,0.0858,0.04338,1.2628,,0.08394
2022-05,0.9057,0.2592,1.3116,0.1918,1.3588,1.5988,0.1637,8.8e-05,0.01663,0.00998,0.001014,0.06414,,0.1339,0.8223,0.342,0.0198,0.1294,0.9295,,0.0825,0.04345,1.2852,,0.08082
2022-06,0.8998,0.2539,1.3216,0.1914,1.3537,1.5781,0.1633,8.7e-05,0.01641,0.00956,0.001002,0.06404,,0.1314,0.8136,0.3418,0.0224,0.1276,0.9256,,0.0755,0.04326,1.2814,,0.08098
2022-07,0.8873,0.241,1.3339,0.1921,1.3157,1.551,0.1649,8.7e-05,0.01626,0.00946,0.000989,0.06298,,0.1293,0.8017,0.3312,0.02177,0.1246,0.9272,,0.074,0.04331,1.2942,,0.07671
2022-08,0.8988,0.2512,1.3493,0.19,1.3078,1.5465,0.1647,8.7e-05,0.01625,0.00955,0.000978,0.06424,,0.133,0.8091,0.3337,0.0213,0.1244,0.9333,,0.0716,0.04292,1.2922,,0.07734
2022-09,0.8896,0.2546,1.369,0.1898,1.3185,1.5075,0.1697,8.9e-05,0.0166,0.0093,0.000955,0.06635,,0.1297,0.7896,0.3421,0.02224,0.1222,0.9421,,0.0727,0.04263,1.3319,,0.07575
2022-10,0.8716,0.2607,1.3758,0.1904,1.3485,1.5502,0.1745,8.9e-05,0.01664,0.00931,0.00096,0.06854,,0.1298,0.7803,0.3442,0.02222,0.1232,0.9624,,0.0737,0.04285,1.37,,0.07561
2022-11,0.8879,0.2552,1.394,0.1874,1.3719,1.5795,0.1718,8.6e-05,0.01646,0.00946,0.000991,0.06914,,0.1327,0.8162,0.3465,0.02202,0.126,0.9699,,0.0723,0.04282,1.3449,,0.077
2022-12,0.9172,0.259,1.4586,0.1949,1.4389,1.6562,0.1746,8.7e-05,0.01648,0.01007,0.001049,0.06927,,0.1375,0.8641,0.3547,0.02057,0.131,1.0052,,0.0729,0.04431,1.3592,,0.07862
2023-01,0.9334,0.2587,1.452,0.1977,1.4468,1.6421,0.1716,8.8e-05,0.01642,0.0103,0.00108,0.07081,,0.1349,0.8591,0.3502,0.01921,0.1291,1.0132,,0.0714,0.04418,1.3422,,0.07848
2023-02,0.9275,0.2599,1.453,0.1967,1.4398,1.6257,0.1714,8.9e-05,0.01628,0.01011,0.001053,0.0722,,0.1314,0.8461,0.3503,0.01831,0.1287,1.0099,,0.0714,0.04446,1.345,,0.07515
2023-03,0.9133,0.2627,1.4785,0.1985,1.4654,1.6609,0.1743,8.9e-05,0.01663,0.01024,0.001048,0.07437,,0.1299,0.8493,0.362,0.01793,0.1305,1.0206,,0.072,0.04479,1.3682,,0.07491
2023-04,0.9022,0.2687,1.5017,0.1957,1.4788,1.6785,0.1718,9.1e-05,0.01645,0.0101,0.001019,0.07455,,0.1284,0.8371,0.3581,0.0166,0.1304,1.0125,,0.0697,0.0441,1.3485,,0.07414
2023-05,0.8978,0.2714,1.5062,0.1935,1.469,1.6873,0.1725,9.1e-05,0.01643,0.00986,0.001017,0.07623,,0.1251,0.8389,0.3665,0.01708,0.1292,1.0092,,0.0684,0.04398,1.352,,0.07103
2023-06,0.8923,0.2739,1.4761,0.1855,1.4409,1.6785,0.1697,8.9e-05,0.01617,0.0094,0.001025,0.07708,,0.1231,0.8151,0.3641,0.01587,0.1234,0.9871,,0.0562,0.04308,1.3288,,0.07099
2023-07,0.8907,0.2753,1.5148,0.1839,1.462,1.7036,0.1691,8.8e-05,0.01608,0.00938,0.001031,0.0782,,0.1291,0.8236,0.367,0.01457,0.1259,0.9911,,0.0499,0.04234,1.3215,,0.07286
2023-08,0.874,0.2751,1.5346,0.1859,1.4705,1.7128,0.1723,8.8e-05,0.01628,0.0093,0.001019,0.07945,,0.1287,0.8077,0.3649,0.01412,0.1244,0.998,,0.0501,0.04236,1.3485,,0.07182
2023-09,0.8693,0.2739,1.5045,0.1854,1.4443,1.6757,0.1729,8.8e-05,0.01629,0.00915,0.001014,0.0782,,0.1262,0.8024,0.3628,0.014,0.1221,0.9924,,0.0501,0.04223,1.3535,,0.07134
2023-10,0.8703,0.2712,1.5191,0.1877,1.4493,1.6695,0.1753,8.7e-05,0.01649,0.00917,0.001015,0.07582,,0.1243,0.8078,0.3566,0.01419,0.1244,1.0019,,0.0492,0.04246,1.3717,,0.07212
2023-11,0.8919,0.2799,1.5401,0.1899,1.4833,1.7046,0.1756,8.8e-05,0.01646,0.00916,0.00105,0.07895,,0.1258,0.823,0.364,0.01517,0.1285,1.0173,,0.0478,0.04302,1.3709,,0.07397
2023-12,0.8977,0.274,1.5519,0.1881,1.4644,1.6994,0.172,8.7e-05,0.01613,0.00932,0.001029,0.07807,,0.1271,0.8346,0.3594,0.01477,0.1308,1.0077,,0.0462,0.04293,1.3431,,0.07207
2024-01,0.891,0.2731,1.5628,0.1872,1.4634,1.7048,0.1717,8.6e-05,0.01615,0.00918,0.001012,0.07857,,0.1289,0.828,0.3592,0.01501,0.1296,1.0046,,0.0446,0.04299,1.3425,,0.07139
2024-02,0.8804,0.2721,1.5392,0.1877,1.4569,1.7047,0.1726,8.6e-05,0.01627,0.00903,0.001013,0.07897,,0.1279,0.8265,0.3526,0.01472,0.1295,1.0038,,0.0438,0.04292,1.3501,,0.07098
2024-03,0.888,0.2719,1.5247,0.188,1.4722,1.7215,0.1731,8.6e-05,0.01631,0.00904,0.001017,0.08066,,0.1277,0.8238,0.365,0.01475,0.1302,1.0101,,0.0423,0.04274,1.3539,,0.07183
2024-04,0.8897,0.2668,1.5029,0.1889,1.4664,1.7117,0.1746,8.5e-05,0.01639,0.00889,0.000998,0.0814,,0.1254,0.8144,0.3681,0.0147,0.1264,1.0077,,0.0423,0.04226,1.3674,,0.07243
2024-05,0.9055,0.2659,1.5038,0.189,1.4777,1.7272,0.175,8.5e-05,0.0164,0.00877,0.001002,0.08131,,0.1273,0.8291,0.3662,0.01503,0.1272,1.0117,,0.0424,0.04229,1.367,,0.07421
2024-06,0.9105,0.2544,1.5343,0.189,1.4752,1.7427,0.1755,8.4e-05,0.01642,0.00868,0.000993,0.07524,,0.1292,0.8413,0.3622,0.0156,0.1307,1.0139,,0.0421,0.04232,1.3707,,0.07449
2024-07,0.915,0.2475,1.5381,0.1888,1.4876,1.765,0.1756,8.4e-05,0.0164,0.00871,0.000992,0.07578,,0.1269,0.8267,0.3649,0.01568,0.1289,1.019,,0.0417,0.042,1.3712,,0.07513
2024-08,0.9095,0.2463,1.5907,0.1909,1.5045,1.7677,0.1751,8.7e-05,0.01627,0.00933,0.001011,0.07135,,0.1278,0.8316,0.365,0.01526,0.1314,1.0381,,0.0405,0.04236,1.3652,,0.07577
2024-09,0.9162,0.2445,1.5987,0.1913,1.5041,1.7897,0.1738,8.8e-05,0.01616,0.00948,0.001017,0.06914,,0.1275,0.8423,0.3591,0.01485,0.1324,1.045,,0.0398,0.04235,1.3546,,0.07692
